3672, 2022/06/Captura-de-tela-2022-11-17-152808.jpg
3672, 2022/06/ok-2.png
3672, 2022/06/6666219-500-auto.webp
3672, 2022/06/7177825-800-auto.webp
3672, 2022/06/reserva.png
3672, 2022/06/Untitled.jpg
3673, 2022/06/41502-Calca-Pina-Colada-branca-mundo-lolita-1.png
3675, 2022/06/logo_grande_footer.png
3675, 2022/06/2020-11-06.png
3675, 2022/06/merchants-images_Junho.png
301, 2022/06/logo-crown-footer.png
301, 2022/06/Design-sem-nome-30.png
301, 2022/06/Captura-de-Tela-225.png
3677, 2022/06/ok-16.png
3677, 2022/06/AdobeStock_292412501.jpeg
3678, 2022/06/logo_RiHappy.png
3678, 2022/06/AdobeStock_303984263.jpeg
3681, 2022/06/dondoca_com_br-15-390x390-1.webp
531, 2022/06/ok-12.png
531, 2022/06/fe705e4e-7f96-4031-add9-7da087ba767f___f0944bfb9d9cabbe923053747c040082.webp
531, 2022/06/ok-13.png
3685, 2022/06/top-biquini-astros-01.png
3686, 2022/06/Design-sem-nome-6.png
3686, 2022/06/a9faf4cd-2649-45ba-a5ae-af410948dd4c___bfbf19465d67fc7e165c5cc63c03da37.webp
3821, 2022/06/Design-sem-nome-1.png
3821, 2022/06/bannerhome8.png
3821, 2022/06/V220606821_165_03-BLUSA-REGATA-CETIM-DOUBLE.webp
3822, 2022/06/Design-sem-nome-10.png
3822, 2022/06/401216_001_1-INF-O-JUV-TEN-PICO-5-PSV-AR4161.webp
3824, 2022/06/makoto-v1-liquido-tatuape.webp
3824, 2022/06/Design-sem-nome-8.png
3824, 2022/06/001001010268-botanico-_3_.webp
322, 2022/06/png-transparent-t-shirt-replay-store-jeans-denim-t-shirt-text-rectangle-logo.png
3841, 2022/06/scala-logo-E75E448C7A-seeklogo.com_.png
3841, 2022/06/16661.png
3841, 2022/06/Captura-de-tela-2022-11-17-104244.jpg
3841, 2022/06/B05911-B05918-B05917.webp
3841, 2022/06/unnamed.jpg
3842, 2022/06/Captura-de-tela-2022-11-16-232618.jpg
3842, 2022/06/Design-sem-nome.png
3842, 2022/06/background_hope.jpg
3843, 2022/06/Logo-Village-2022-05.jpg
3843, 2022/06/Village_logo.png
3844, 2022/06/ekim_logo.png
3845, 2022/06/Quartinhos.png
3846, 2022/06/Premier_logo.png
3847, 2022/06/Gratiae_logo.png
3848, 2022/06/Asas-e-Cores.png
3849, 2022/06/GaragemTotal.png
3850, 2022/06/customerlogo-novo-clr.png
3850, 2022/06/logo.png
3850, 2022/06/ok-14.png
3850, 2022/06/AdobeStock_364410756.jpeg
3850, 2022/06/NovoMundo_logo.png
607, 2022/07/merchants-images_Junho-1.png
609, 2022/07/Alcance-Jeans.png
611, 2022/07/Lothausti.png
613, 2022/07/Arte-arena.png
615, 2022/07/Dual-Belle.png
618, 2022/07/Conhecendo-cosmeticos.png
621, 2022/07/carolina-baby.png
621, 2022/07/zelao.png
621, 2022/07/tng.png
621, 2022/07/trincks.png
621, 2022/07/nutrify.png
621, 2022/07/alpha-co.png
621, 2022/07/multiloja.png
621, 2022/07/logo-carolinababy-1.png
621, 2022/07/medinas.png
621, 2022/07/ok-6.png
621, 2022/07/lingerie-br.png
621, 2022/07/ambiente-berco-comoda-ludmila.webp
621, 2022/07/la-donna-fit.png
621, 2022/07/farotafit.png
621, 2022/07/nftrend.png
621, 2022/07/hope-resort.png
621, 2022/07/jujuba-joias.png
653, 2022/07/multiloja-1.png
799, 2022/07/maria-make-up.png
799, 2022/07/maria-morena.png
799, 2022/07/4-meninas.png
799, 2022/07/123-aquecedores.png
799, 2022/07/cacique.png
799, 2022/07/jeito.png
806, 2022/07/MARI-MARIA_PRETO.png
806, 2022/07/Design-sem-nome-9.png
806, 2022/07/mais-vendidos.webp
1144, 2022/09/RoseJewery.png
1157, 2022/09/Logo-onodera.png
1157, 2022/09/ONODERA.png
1160, 2022/09/Star-Lar-Logomarca.png
1162, 2022/09/Logo-MPRADO-1.png
1162, 2022/09/Logo-MPRADO-2.png
1180, 2022/09/LOGO-HEZIOM.png
1182, 2022/09/Logo-Arominha.png
1184, 2022/09/Logo-BKS.png
1184, 2022/09/Logo-BKS-1.png
1187, 2022/09/Logo-Boutique-Aertesa.png
1189, 2022/09/Logo-fierce.png
1189, 2022/09/Logo-fierce-1.png
1193, 2022/09/Logo-Jujuba-Kids.png
1195, 2022/09/Design-sem-nome-29.png
1195, 2022/09/Captura-de-Tela-204.png
1195, 2022/09/Captura-de-Tela-205.png
1195, 2022/09/Logo-Karen-Nail.png
1197, 2022/09/Logo-Lanza-Shop.png
1199, 2022/09/Logo-Noivinhos-Topo-de-Bolo_-1.png
1201, 2022/09/logo_mypantoo.png
1203, 2022/09/Logo-GridMotors-Completa.png
1205, 2022/09/logon-maior-Ean-Global.png
1262, 2022/11/c4fd1fc2-7519-4603-888a-eb803547682e___d890a8fe66aa859dae4bb47c953de4b8.webp
1262, 2022/11/tok-stok-logo.png
1262, 2022/11/AdobeStock_224583003_Preview.jpeg
1265, 2022/11/Design-sem-nome-23.png
1265, 2022/11/157860-800-auto.webp
1265, 2022/11/AdobeStock_365810231_Preview.jpeg
1265, 2022/11/logo-mondial-2048.png
1268, 2022/11/AdobeStock_365331793.jpeg
1268, 2022/11/AdobeStock_365331793-300x200-1.webp
1268, 2022/11/Crocs_wordmark.svg.png
1291, 2022/11/logo-hope.png
1291, 2022/11/220459-1600-auto.webp
1296, 2022/11/Logo_Integralmedica_Suplementos_Nutricionais.png
1296, 2022/11/HUGER-160-appledream-ME3437-1000x1000-1.png
1296, 2022/11/Captura-de-tela-2022-11-16-233905.jpg
1296, 2022/11/chu-gummies-Yglr0p5Ygxg-unsplash.jpg
1296, 2022/11/Design-sem-nome-24.png
1296, 2022/11/exercicios-de-quadriceps-blog-integral.jpg
1302, 2022/11/olympikus-logo.png
1302, 2022/11/OLYMPIKUS_LP_BLACK-FRIDAY_BANNER_420X680_2.webp
1302, 2022/11/Captura-de-Tela-196.png
1302, 2022/11/Captura-de-Tela-197.png
1302, 2022/11/19-2.png
1311, 2022/11/4.png
1311, 2022/11/Captura-de-Tela-198.png
1311, 2022/11/18-1.png
1311, 2022/11/Mizuno-logo-56F7B9A21D-seeklogo.png
1311, 2022/11/Mizuno-logo-56F7B9A21D-seeklogo-1.png
1311, 2022/11/Mizuno-logo-56F7B9A21D-seeklogo-2.png
1311, 2022/11/Mizuno-logo-56F7B9A21D-seeklogo-3.png
1311, 2022/11/AdobeStock_392862749_Editorial_Use_Only.jpeg
1311, 2022/11/Design-sem-nome-40.png
1324, 2022/11/Captura-de-tela-2022-11-16-203927.jpg
1324, 2022/11/logo.png
1324, 2022/11/45501-VERMELHO-1.png
1324, 2022/11/Captura-de-tela-2022-11-16-203927-300x296-1.webp
1327, 2022/11/160723-800-auto.png
1327, 2022/11/new-logo.png
1327, 2022/11/AdobeStock_365544947v2.png
1331, 2022/11/18494.png
1331, 2022/11/DQ459-9-010-1.webp
1331, 2022/11/1-1.png
1331, 2022/11/2-1.png
1331, 2022/11/3-1.png
1331, 2022/11/4-2.png
1331, 2022/11/5-1.png
1331, 2022/11/6-1.png
1331, 2022/11/7-1.png
1331, 2022/11/8-1.png
1331, 2022/11/9-1.png
1331, 2022/11/11-1.png
1331, 2022/11/12-1.png
1331, 2022/11/13-1.png
1331, 2022/11/14-1.png
1331, 2022/11/15-1.png
1334, 2022/11/Captura-de-tela-2022-11-16-234234.jpg
1334, 2022/11/20-2.png
1334, 2022/11/Under_armour_logo.svg.png
1334, 2022/11/tenis-under-amour-fleet-preto-branco-vandacalcados3.webp
1334, 2022/11/AdobeStock_283075685.jpeg
1337, 2022/11/17-1.png
1337, 2022/11/perfil_BUDDHA_SPA_2.png
1337, 2022/11/Seu-Spa-em-Casa-min.jpg
1337, 2022/11/Seu-Spa-em-Casa-min-300x172-1.webp
1340, 2022/11/malwee-logo.png
1340, 2022/11/malwee-logo-1.png
1340, 2022/11/1000100341_00360_1.webp
1344, 2022/11/f2bd9d23-fd78-4b54-a7b7-b283ab8b994b___717372f5af01b3b3c8fd6339909ebbc0.webp
1344, 2022/11/lupo-1536.png
1349, 2022/11/livrarialeitura.png
1349, 2022/11/Design-sem-nome-39.png
1349, 2022/11/Logo-Azul.png
1349, 2022/11/20191224094232386314o1.jpg
1352, 2022/11/jerry-wang-qBrF1yu5Wys-unsplash.jpg
1352, 2022/11/Brinquedos_Estrela-logo-C935D7897F-seeklogo.com_.png
1352, 2022/11/jerry-wang-qBrF1yu5Wys-unsplash-300x200-1.webp
1355, 2022/11/mormaii-logo-1.png
1355, 2022/11/MOAD1105AA8P_PRETO_1.webp
1355, 2022/11/jeremy-bishop-_CFv3bntQlQ-unsplash.jpg
1359, 2022/11/Captura-de-tela-2022-11-16-234453.jpg
1359, 2022/11/Captura-de-Tela-200.png
1359, 2022/11/Design-sem-nome-27.png
1359, 2022/11/Captura-de-Tela-201.png
1359, 2022/11/maxresdefault.jpg
1359, 2022/11/bannerHome-novidades-2510_D.webp
1359, 2022/11/Design-sem-nome-10.png
1359, 2022/11/Design-sem-nome-4.png
1359, 2022/11/Captura-de-Tela-201-e1668710515756-278x300-1.webp
1365, 2022/11/Design-sem-nome-12.png
1365, 2022/11/db473f40-c365-4b86-92ce-be03876d8521___98492cbda67a3ba1a349085c0d27dd8f.webp
1365, 2022/11/3daea7d1-8486-4693-bb17-5199fd3586be___0f2ae8af799b34224cdd1bb9d2f258bd.webp
1365, 2022/11/Design-sem-nome-13.png
1365, 2022/11/Design-sem-nome-5.png
1365, 2022/11/157696-300-300.webp
1371, 2022/11/glenn-carstens-peters-npxXWgQ33ZQ-unsplash.jpg
1371, 2022/11/Design-sem-nome-13-1.png
1371, 2022/11/Design-sem-nome-14.png
1371, 2022/11/computador-gamer-gt-speed-com-intel-core-i5-9400f-2-9ghz-8gb-ssd-240gb-gtx-1650-oc-4gb-windows-10-home.webp
1376, 2022/11/Design-sem-nome-15.png
1376, 2022/11/81062794_255_main.jpg
1376, 2022/11/81062794_255_main-e1668184126595-300x258-1.webp
1380, 2022/11/16-1.png
1380, 2022/11/Design-sem-nome-25.png
1380, 2022/11/Design-sem-nome-26.png
1380, 2022/11/AdobeStock_325142243_Editorial_Use_Only.jpeg
1380, 2022/11/AdobeStock_325142243_Editorial_Use_Only-300x200-1.webp
1388, 2022/11/Design-sem-nome-38.png
1388, 2022/11/ok-1.png
1391, 2022/11/Captura-de-tela-2022-11-17-110238.jpg
1391, 2022/11/af9d33df-0546-4971-8dbd-e031ba69da21___25e37b74e66d2f902f28924ac8f2ab4f.webp
1391, 2022/11/ok-2.png
1391, 2022/11/fc014ae4-dab4-47e9-a8d9-9aaec604247a___df5cb05d2aa523f4e1001f93b974346f.webp
1391, 2022/11/ok-3.png
1391, 2022/11/Captura-de-tela-2022-11-17-110238-300x288-1.webp
1391, 2022/11/25-1.png
1396, 2022/11/Captura-de-Tela-203.png
1396, 2022/11/Rei-da-Joias.png
1396, 2022/11/AdobeStock_213045827.jpeg
1399, 2022/11/magicfeet-new-logo.png
1399, 2022/11/ok-4.png
1399, 2022/11/b17024a4-a6f2-46d0-aed5-4b69f92da582___f284593d1f1f3b4d21fe940d2c6e5150.webp
1403, 2022/11/logo-375413607-1632418655-f5bc573cfaf24df2b324d17e639b1bc21632418656-320-0.png
1403, 2022/11/ok-5.png
1403, 2022/11/1-img-1423486052-1634816106-a37cde696da38baf2ae29120582817941634816107-480-0.webp
1403, 2022/11/27.png
1410, 2022/11/xlogo_donna.png.pagespeed.ic_.W36vJtLZ0O.webp
1410, 2022/11/ok-7.png
1410, 2022/11/xfa17f0-pecas-favoritas-230322150727-fa17f0.gif.pagespeed.ic_.7hMr_3kyiB.webp
1410, 2022/11/19-1.png
1416, 2022/11/Banner-secao-vestuario.webp
1416, 2022/11/ok-8.png
1420, 2022/11/300341v_verde0052.jpg
1420, 2022/11/ok-9.png
1427, 2022/11/LojaReprint.png
1427, 2022/11/logo-1835978321-1617487273-c70b22934370c0135245e5661bba8a0c1617487274-320-0.png
1427, 2022/11/ok-11.png
1436, 2022/11/Captura-de-tela-2022-11-17-110550.jpg
1436, 2022/11/ok-15.png
1436, 2022/11/AdobeStock_81545261.jpeg
1436, 2022/11/AdobeStock_81545261-1.jpeg
1436, 2022/11/Captura-de-tela-2022-11-17-110550-300x280-1.jpg
1442, 2022/11/Captura-de-Tela-206.png
1442, 2022/11/Captura-de-Tela-207.png
1442, 2022/11/image-108.png
1442, 2022/11/Design-sem-nome-19.png
1442, 2022/11/Captura-de-Tela-207-e1668713060108-300x204-1.webp
1442, 2022/11/img-20221019-wa0051-63505ef599c86.webp
1442, 2022/11/43c38675-2b3d-494f-8314-b58f9ae1d94c-62d24b07a9817.webp
1444, 2022/11/image-108-1.png
1444, 2022/11/IMG_2290.jpg
1444, 2022/11/52_banner637703188157865824.gif
1444, 2022/11/52_banner637703188157865824-e1668610452316-300x242-1.webp
1444, 2022/11/Design-sem-nome-20.png
1450, 2022/11/1.png
1450, 2022/11/2.png
1450, 2022/11/3.png
1450, 2022/11/4-1.png
1450, 2022/11/5.png
1450, 2022/11/6.png
1450, 2022/11/7.png
1450, 2022/11/8.png
1450, 2022/11/9.png
1450, 2022/11/10.png
1450, 2022/11/11.png
1450, 2022/11/12.png
1450, 2022/11/13.png
1450, 2022/11/14.png
1450, 2022/11/15.png
1450, 2022/11/Logo-Clube-Marisol-alta-1.png
1450, 2022/11/03-2903-NOVO-LIGHTBOX-OUTONO-INVERNO-2022-FOOTER-DESKTOP.png
1450, 2022/11/Logo-Clube-Marisol-alta-1_v3.png
1450, 2022/11/Clube-Marisol_site.png
1450, 2022/11/Design-sem-nome-16.png
1450, 2022/11/03-2903-NOVO-LIGHTBOX-OUTONO-INVERNO-2022-FOOTER-DESKTOP.webp
1458, 2022/11/Multi.png
1458, 2022/11/AdobeStock_534370916_v2.png
1458, 2022/11/Mizuno.png
1458, 2022/11/Design-sem-nome-17.png
1506, 2022/11/Captura-de-tela-2022-11-16-193426-253x300_1.webp
1506, 2022/11/Captura-de-tela-2022-11-16-193426.jpg
1506, 2022/11/ok-6.png
1509, 2022/11/Captura-de-tela-2022-11-16-194106-300x289-1.webp
1509, 2022/11/Captura-de-tela-2022-11-16-194106.jpg
1509, 2022/11/16.png
1509, 2022/11/17.png
1509, 2022/11/18.png
1509, 2022/11/19.png
1509, 2022/11/20.png
1509, 2022/11/21.png
1530, 2022/11/AdobeStock_217165634-300x200-1.webp
1530, 2022/11/26.png
1530, 2022/11/AdobeStock_217165634.jpeg
1541, 2022/11/Captura-de-tela-2022-11-16-203702.jpg
1541, 2022/11/Top-Active-Bio-Pitanga-Tamanho-P_5.webp
1547, 2022/11/28.png
1547, 2022/11/29.png
1547, 2022/11/30.png
1547, 2022/11/Captura-de-tela-2022-11-16-233631.jpg
1547, 2022/11/Captura-de-tela-2022-11-16-233548.jpg
1553, 2022/11/Captura-de-tela-2022-11-16-233631-300x295-1.webp
1604, 2022/11/roupabranca_siberian_roupa.jpg
1604, 2022/11/ok-3-1.png
1604, 2022/11/logo_siberian_site.png
1625, 2022/11/camiseta-masculino-branco-frente-2_palmeiras.webp
1625, 2022/11/treino-3-frente-1-_camisapalmeiras.png
1629, 2022/11/logocrawford.png
1629, 2022/11/camisas_cor-azul_-crawford.jpg
1629, 2022/11/camisas_cor-azul_-crawford-300x297-1.webp
1643, 2022/11/panetone-na-mesa_bauducco.jpg
1643, 2022/11/ok-5-1.png
1643, 2022/11/panetone-na-mesa_bauducco-300x287-1.webp
1645, 2022/11/41.png
1645, 2022/11/42.png
1645, 2022/11/43.png
1645, 2022/11/44.png
1645, 2022/11/45.png
1645, 2022/11/homem-na-piscina-nadando.jpg
1645, 2022/11/homem-nadando-com-oculo-e-touca.jpg
1654, 2022/11/mulher-com-biquini-de-onca-e-chapeu-colorido.jpg
1656, 2022/11/almofada-com-capa-clara-e-com-estampa.jpg
1656, 2022/11/22-1.png
1661, 2022/11/jarra-de-plastico-vermelha.jpg
1661, 2022/11/tupperware-colocando-agua-em-copo-de-vidro.jpg
1661, 2022/11/47.png
1661, 2022/11/48.png
1661, 2022/11/49.png
1661, 2022/11/50.png
1661, 2022/11/51.png
1688, 2022/11/spiriyt.png
1688, 2022/11/bersam-XNETub7tjkE-unsplash.jpg
1692, 2022/11/LOGOTIPO-BLOSS_03.png
1692, 2022/11/laura-chouette-2H_8WbVPRxM-unsplash.jpg
1692, 2022/11/LOGOTIPO-BLOSS_01.png
1692, 2022/11/laura-chouette-2H_8WbVPRxM-unsplash-245x300-1.webp
1697, 2022/12/img-20220420-wa0012-11-4d077f0c580889f6ed16676001452879-1024-1024.jpg
1697, 2022/12/Design-sem-nome-31.png
1703, 2022/12/50771_conector-emenda-2-polos-0-14-4-0mm-221-412-wago-pr-13145-2210412_z1_637921121481707008.png
1703, 2022/12/Design-sem-nome-33.png
1703, 2022/12/50771_conector-emenda-2-polos-0-14-4-0mm-221-412-wago-pr-13145-2210412_z1_637921121481707008-300x300-1.webp
1706, 2022/12/christopher-gower-_aXa21cf7rY-unsplash.jpg
1706, 2022/12/Design-sem-nome-34.png
1706, 2022/12/christopher-gower-_aXa21cf7rY-unsplash-300x200-1.webp
1714, 2022/12/espacorubronegro-logo.png
1720, 2022/12/pexels-ingo-joseph-609771.jpg
1720, 2022/12/image-7.png
1720, 2022/12/pexels-ingo-joseph-609771-300x300-1.webp
1730, 2022/12/pexels-shiny-diamond-3762875.jpg
1730, 2022/12/global-icon-logo-new.png
1730, 2022/12/Design-sem-nome-35.png
1730, 2022/12/pexels-shiny-diamond-3762875-200x300-1.webp
1734, 2022/12/pexels-shiny-diamond-3762555.jpg
1734, 2022/12/Design-sem-nome-36.png
1734, 2022/12/pexels-shiny-diamond-3762555-200x300-1.webp
1739, 2023/01/Book-7-logo.pdf
1739, 2023/01/Design-sem-nome-38.png
1739, 2023/01/pexels-pixabay-159866.jpg
1739, 2023/01/pexels-pixabay-159866-300x201-1.webp
1739, 2023/01/24.png
1743, 2023/01/pexels-erik-mclean-6654172.jpg
1743, 2023/01/Design-sem-nome-39.png
1792, 2023/01/pexels-ron-lach-8820176.jpg
1792, 2023/01/copafer.png
1795, 2023/01/copafer-1.png
1797, 2023/01/copafer-2.png
1799, 2023/01/image-9.png
1801, 2023/01/WhatsApp-Image-2023-01-20-at-15.01.34-1-1.jpeg
1809, 2023/02/AdobeStock_142215585_menor.png
1809, 2023/02/Design-sem-nome-25.png
1813, 2023/02/a23e944a-de4d-41b1-97f4-a7a3ddd798b7___b4852ee53d1b12357eec555df1fe9536.webp
1813, 2023/02/Design-sem-nome-26.png
1816, 2023/02/Design-sem-nome-27.png
1816, 2023/02/Captura-de-tela-2023-02-10-175813.jpg
1819, 2023/02/Captura-de-tela-2023-02-10-180206.jpg
1819, 2023/02/Design-sem-nome-29.png
1819, 2023/02/Design-sem-nome-28.png
1819, 2023/02/Captura-de-tela-2023-02-10-180146.jpg
1819, 2023/02/Captura-de-tela-2023-02-10-180102.jpg
1819, 2023/02/9.png
1827, 2023/02/6.png
1827, 2023/02/Captura-de-tela-2023-02-17-062554.jpg
1827, 2023/02/Logo-artex.png
1827, 2023/02/Design-sem-nome-31.png
1827, 2023/02/Ajustes-Logos-padrao-6.png
1831, 2023/02/5.png
1831, 2023/02/Captura-de-tela-2023-02-17-063032.jpg
1831, 2023/02/logo_mmartan_roxo.png
1831, 2023/02/Design-sem-nome-33.png
1831, 2023/02/Ajustes-Logos-padrao-9.png
1839, 2023/02/Design-sem-nome-34.png
1839, 2023/02/joiasgold_imagem.jpg
1842, 2023/02/Design-sem-nome-36.png
1842, 2023/02/Design-sem-nome-35.png
1842, 2023/02/logo_fabula.png
1842, 2023/02/logo_foxton.png
1842, 2023/02/rapazcompoloclara_foxton.jpg
1842, 2023/02/13.png
1848, 2023/02/meninacomvestidoroxo_fabula.jpg
1848, 2023/02/21.png
1853, 2023/03/c19606db-247a-4493-9858-33654470e17e.jpg
1853, 2023/03/logos-no-site.png
1853, 2023/03/WhatsApp-Image-2023-03-10-at-11.29.22.jpeg
1857, 2023/03/logos-no-site-1.png
1857, 2023/03/WhatsApp-Image-2023-03-03-at-13.35.30-1.jpeg
1857, 2023/03/logos-no-site-4.png
1857, 2023/03/pexels-shiny-diamond-3762871_compressed.jpg
1860, 2023/03/logos-no-site-1-1.png
1860, 2023/03/WhatsApp-Image-2023-03-03-at-13.35.30-2.jpeg
1860, 2023/03/logos-no-site-3.png
1860, 2023/03/toymania_resized-1.png
1860, 2023/03/pexels-godisable-jacob-1191536_compressed.jpg
1860, 2023/03/24.png
1864, 2023/03/logos-no-site-2.png
1864, 2023/03/logos-no-site-5.png
1864, 2023/03/pexels-nataliya-vaitkevich-5412270.jpg
1864, 2023/03/22.png
1870, 2023/03/logos-no-site-6.png
1870, 2023/03/WhatsApp-Image-2023-03-03-at-13.35.30-3-1.jpeg
1870, 2023/03/pexels-cottonbro-studio-3662667_compressed.jpg
1874, 2023/03/WhatsApp-Image-2023-03-03-at-13.35.29.jpeg
1874, 2023/03/WhatsApp-Image-2023-03-03-at-13.35.29-1.jpeg
1874, 2023/03/logos-no-site-7.png
1883, 2023/03/logos-no-site-8.png
1883, 2023/03/pexels-mnz-1598507.jpg
1883, 2023/03/pexels-mnz-1598507_compressed.jpg
1887, 2023/03/logos-no-site-9.png
1887, 2023/03/logos-no-site-10.png
1893, 2023/03/image.png
1895, 2023/03/download-removebg-preview.png
1895, 2023/03/WhatsApp-Image-2023-03-22-at-13.54.06.jpeg
1895, 2023/03/WhatsApp-Image-2023-03-22-at-13.58.37.jpeg
1895, 2023/03/16.png
1899, 2023/03/pexels-bayram-yalcin-15897464.jpg
1899, 2023/03/Design-sem-nome-2.png
1899, 2023/03/Elementosemail.png
1903, 2023/03/Design-sem-nome-3.png
1903, 2023/03/logo_es_retail_horizontal_principal_alta_res_fundo_transp.png
1903, 2023/03/Design-sem-nome-23.png
1907, 2023/04/zng-cig583-calca-outside-white-73949435.jpg
1907, 2023/04/Design-sem-nome-5.png
1911, 2023/04/Design-sem-nome-8.png
1911, 2023/04/Design-sem-nome-9.png
1914, 2023/04/pexels-pixabay-433200.jpg
1914, 2023/04/Design-sem-nome-10.png
1917, 2023/04/Design-sem-nome-11.png
1917, 2023/04/pexels-olia-danilevich-5088017.jpg
1922, 2023/04/Design-sem-nome-13.png
1922, 2023/04/Design-sem-nome-14.png
1925, 2023/04/solar_imagemsite.png
1925, 2023/04/Design-sem-nome-15.png
1925, 2023/04/Design-sem-nome-16.png
1928, 2023/04/Design-sem-nome-17.png
1928, 2023/04/Design-sem-nome-18.png
1937, 2023/04/8.png
1937, 2023/04/Ajustes-Logos-padrao-7.png
1937, 2023/04/reebok.png
1937, 2023/04/reebok-1.png
1937, 2023/04/11.png
1937, 2023/04/2.png
1943, 2023/04/2-1.png
1943, 2023/04/830055-800-800.webp
1943, 2023/04/reebok-3.png
1943, 2023/04/reebok-3_resized.png
1943, 2023/04/7.png
1948, 2023/04/Logo-Padrao.png
1948, 2023/04/Logo-Padrao-1.png
1948, 2023/04/Logo-Padrao-1_resized.png
1952, 2023/04/Logo-Padrao-3.png
1952, 2023/04/Logo-Padrao-4.png
1955, 2023/04/Logo-Padrao-5.png
1955, 2023/04/Logo-Padrao-6.png
1958, 2023/04/Logo-Padrao-7.png
1958, 2023/04/Logo-Padrao-8.png
1961, 2023/04/Logo-Padrao-9.png
1961, 2023/04/Logo-Padrao-10.png
1964, 2023/04/Logo-Padrao-11.png
1964, 2023/04/Logo-Padrao-12.png
1967, 2023/04/Logo-Padrao-14.png
1967, 2023/04/Logo-Padrao-13.png
1970, 2023/04/Logo-Padrao-15.png
1970, 2023/04/Logo-Padrao-16.png
1973, 2023/04/Logo-Padrao-17.png
1973, 2023/04/Logo-Padrao-18.png
1978, 2023/04/Logo-Padrao-19.png
1978, 2023/04/image-3.png
1990, 2023/05/dandaro.png
1990, 2023/05/dandaro-1.png
1993, 2023/05/Logo-Padrao-20.png
1993, 2023/05/Logo-Padrao-21.png
1996, 2023/05/Logo-Padrao-22.png
1996, 2023/05/Logo-Padrao-23.png
2003, 2023/05/Logo-Padrao-24.png
2003, 2023/05/Logo-Padrao-25.png
2006, 2023/05/Logo-Padrao-26.png
2006, 2023/05/Logo-Padrao-27.png
2009, 2023/05/Logo-Padrao-28.png
2009, 2023/05/Logo-Padrao-29.png
2012, 2023/05/Logo-Padrao-30.png
2012, 2023/05/Logo-Padrao-31.png
2015, 2023/05/Logo-Padrao-32.png
2015, 2023/05/Logo-Padrao-33.png
2018, 2023/05/Logo-Padrao-35.png
2018, 2023/05/Logo-Padrao-34.png
2021, 2023/05/Logo-Padrao-37.png
2021, 2023/05/Logo-Padrao-36.png
2024, 2023/05/Logo-Padrao-39.png
2024, 2023/05/Logo-Padrao-39-1.png
2024, 2023/05/Logo-Padrao-38.png
2028, 2023/05/Logo-Padrao-40.png
2028, 2023/05/Logo-Padrao-41.png
2032, 2023/05/TAMANHO-LOGO-1.png
2032, 2023/05/Logo-Padrao-42.png
2032, 2023/05/Logo-Padrao-43.png
2035, 2023/05/ok-7.png
2035, 2023/05/2.png
2038, 2023/05/3-1.png
2038, 2023/05/1-1.png
2038, 2023/05/2-1.png
2038, 2023/05/3-2.png
2038, 2023/05/4-1.png
2038, 2023/05/5-1.png
2038, 2023/05/6-1.png
2038, 2023/05/7-1.png
2038, 2023/05/8-1.png
2038, 2023/05/9.png
2038, 2023/05/10.png
2038, 2023/05/11.png
2038, 2023/05/12.png
2038, 2023/05/13.png
2038, 2023/05/14.png
2038, 2023/05/15-1.png
2038, 2023/05/16.png
2038, 2023/05/17.png
2038, 2023/05/18.png
2038, 2023/05/19.png
2038, 2023/05/20.png
2038, 2023/05/21.png
2038, 2023/05/22.png
2038, 2023/05/23.png
2038, 2023/05/24.png
2038, 2023/05/25.png
2038, 2023/05/26.png
2038, 2023/05/27.png
2038, 2023/05/28.png
2038, 2023/05/29.png
2038, 2023/05/30.png
2038, 2023/05/31.png
2038, 2023/05/32.png
2038, 2023/05/33.png
2038, 2023/05/34.png
2038, 2023/05/35.png
2038, 2023/05/36.png
2038, 2023/05/37.png
2038, 2023/05/38.png
2038, 2023/05/39.png
2038, 2023/05/40.png
2038, 2023/05/41.png
2038, 2023/05/42.png
2038, 2023/05/43.png
2038, 2023/05/44.png
2038, 2023/05/45.png
2038, 2023/05/46.png
2038, 2023/05/47.png
2038, 2023/05/48.png
2038, 2023/05/49.png
2038, 2023/05/50.png
2038, 2023/05/ok-2.png
2038, 2023/05/4.png
2041, 2023/05/ok-4.png
2041, 2023/05/6.png
2044, 2023/05/1.png
2044, 2023/05/ok-6.png
2047, 2023/05/ok-1.png
2047, 2023/05/3.png
2047, 2023/05/ok-1-1.png
2051, 2023/05/ok-3.png
2051, 2023/05/5.png
2051, 2023/05/Logo-Padrao-2023-06-16T121447.739.png
2054, 2023/05/ok-5.png
2054, 2023/05/7.png
2057, 2023/05/15.png
2057, 2023/05/8.png
2057, 2023/05/Bota-Original-Caterpillar-Bruiser-2-0-Preta-Black-P110473019-1.webp
2061, 2023/05/drive-download-20230511T162840Z-001.zip
2061, 2023/05/Logo-Padrao-44.png
2061, 2023/05/Logo-Padrao-45.png
2065, 2023/05/Logo-Padrao-46.png
2065, 2023/05/Logo-Padrao-47.png
2065, 2023/05/23-1.png
2070, 2023/05/Logo-Padrao-49.png
2070, 2023/05/Logo-Padrao-50.png
2073, 2023/05/Logo-Padrao-51.png
2073, 2023/05/Logo-Padrao-52.png
2076, 2023/05/Logo-Padrao-53.png
2076, 2023/05/Logo-Padrao-54.png
2079, 2023/05/Logo-Padrao-55.png
2079, 2023/05/Logo-Padrao-56.png
2082, 2023/05/Logo-Padrao-57.png
2082, 2023/05/Logo-Padrao-58.png
2091, 2023/05/Logo-Padrao-60.png
2091, 2023/05/Logo-Padrao-61.png
2094, 2023/05/Logo-Padrao-62.png
2094, 2023/05/Logo-Padrao-63.png
2097, 2023/05/Logo-Padrao-64.png
2097, 2023/05/Logo-Padrao-65.png
2100, 2023/05/Logo-Padrao-67.png
2100, 2023/05/Logo-Padrao-67-1.png
2100, 2023/05/Logo-Padrao-66.png
2104, 2023/05/Logo-Padrao-68.png
2104, 2023/05/Logo-Padrao-70.png
2107, 2023/05/Logo-Padrao-71.png
2107, 2023/05/Logo-Padrao-72.png
3001, 2023/05/Logo-Padrao-73.png
3001, 2023/05/Logo-Padrao-74.png
2116, 2023/05/Logo-Padrao-75.png
2116, 2023/05/Logo-Padrao-76.png
2119, 2023/05/Logo-Padrao-77.png
2119, 2023/05/Logo-Padrao-78.png
2119, 2023/05/14-1.png
2123, 2023/05/Logo-Padrao-79.png
2123, 2023/05/Logo-Padrao-80.png
2126, 2023/05/Logo-Padrao-81.png
2126, 2023/05/Logo-Padrao-82.png
2132, 2023/05/Logo-Padrao-85.png
2132, 2023/05/Logo-Padrao-86.png
2135, 2023/05/Logo-Padrao-87.png
2135, 2023/05/Logo-Padrao-88.png
2138, 2023/06/Logo-Padrao-89.png
2138, 2023/06/Logo-Padrao-90.png
2141, 2023/06/Logo-Padrao-91.png
2141, 2023/06/Logo-Padrao-92.png
2144, 2023/06/Logo-Padrao-93.png
2144, 2023/06/Logo-Padrao-94.png
2147, 2023/06/Logo-Padrao-95.png
2147, 2023/06/Logo-Padrao-96.png
2150, 2023/06/Logo-Padrao-97.png
2150, 2023/06/Logo-Padrao-98.png
2150, 2023/06/2-19.png
2150, 2023/06/2-20.png
2150, 2023/06/2-21.png
2153, 2023/06/Logo-Padrao-99.png
2153, 2023/06/Logo-Padrao-100.png
2161, 2023/06/Logo-Padrao-2023-06-07T135352.149.png
2161, 2023/06/Logo-Padrao-2023-06-07T135459.157.png
2164, 2023/06/Logo-Padrao-2023-06-07T135547.363.png
2164, 2023/06/Logo-Padrao-2023-06-07T135650.619.png
2167, 2023/06/Logo-Padrao-2023-06-07T135728.810.png
2167, 2023/06/Logo-Padrao-2023-06-07T135823.424.png
2170, 2023/06/Logo-Padrao-2023-06-07T140454.228.png
2170, 2023/06/Logo-Padrao-2023-06-07T140537.930.png
2179, 2023/06/1.png
2179, 2023/06/2.png
2183, 2023/06/4.png
2183, 2023/06/3.png
2183, 2023/06/3-1.png
2187, 2023/06/5.png
2187, 2023/06/6.png
2190, 2023/06/9.png
2190, 2023/06/10.png
2193, 2023/06/9-1.png
2193, 2023/06/11.png
2193, 2023/06/12.png
2197, 2023/06/13.png
2197, 2023/06/14.png
2197, 2023/06/4-10.png
2200, 2023/06/1-26.png
2200, 2023/06/1-27.png
2200, 2023/06/17.png
2200, 2023/06/18.png
2203, 2023/06/1-1.png
2203, 2023/06/2-1.png
2203, 2023/06/15-8.png
2206, 2023/06/3-2.png
2206, 2023/06/4-1.png
2209, 2023/06/5-1.png
2209, 2023/06/6-1.png
2209, 2023/06/25-2.png
2209, 2023/06/26.png
2209, 2023/06/27-2.png
2209, 2023/06/28.png
2209, 2023/06/29-1.png
2209, 2023/06/30.png
2209, 2023/06/31-1.png
2209, 2023/06/32.png
2209, 2023/06/33-1.png
2209, 2023/06/34.png
2209, 2023/06/35.png
2209, 2023/06/36.png
2209, 2023/06/37.png
2209, 2023/06/38.png
2209, 2023/06/39.png
2209, 2023/06/40.png
2209, 2023/06/41.png
2209, 2023/06/42.png
2209, 2023/06/43.png
2209, 2023/06/44.png
2209, 2023/06/45.png
2209, 2023/06/46.png
2209, 2023/06/47.png
2209, 2023/06/48.png
2209, 2023/06/49.png
2209, 2023/06/IMAGEM-BACKGROUND-11.png
2212, 2023/06/7.png
2212, 2023/06/8.png
2212, 2023/06/IMAGEM-BACKGROUND-10.png
2215, 2023/06/9-2.png
2215, 2023/06/10-1.png
2215, 2023/06/6-10.png
2218, 2023/06/11-1.png
2218, 2023/06/Logo-Padrao-2023-06-14T161112.414.png
2218, 2023/06/7-15.png
2221, 2023/06/13-1.png
2221, 2023/06/14-1.png
2221, 2023/06/13-12.png
2224, 2023/06/15.png
2224, 2023/06/16.png
2227, 2023/06/17-1.png
2227, 2023/06/18-1.png
2230, 2023/06/19.png
2230, 2023/06/20.png
2233, 2023/06/21.png
2233, 2023/06/22.png
2236, 2023/06/Logo-Padrao-2023-06-14T162042.044.png
2236, 2023/06/Logo-Padrao-2023-06-14T162051.453.png
2239, 2023/06/Logo-Padrao-2023-06-15T115645.920.png
2239, 2023/06/Logo-Padrao-2023-06-15T115654.886.png
2242, 2023/06/8-7.png
2242, 2023/06/1-2.png
2242, 2023/06/2-2.png
2245, 2023/06/9-17.png
2245, 2023/06/1-3.png
2245, 2023/06/2-3.png
2248, 2023/06/10-9.png
2248, 2023/06/1-4.png
2248, 2023/06/2-4.png
2251, 2023/06/1-5.png
2251, 2023/06/2-5.png
2254, 2023/06/1-6.png
2254, 2023/06/2-6.png
2257, 2023/06/12-6.png
2257, 2023/06/1-7.png
2257, 2023/06/2-7.png
2260, 2023/06/1-8.png
2260, 2023/06/2-8.png
2260, 2023/06/17-11.png
2263, 2023/06/1-9.png
2263, 2023/06/2-9.png
2266, 2023/06/1-10.png
2266, 2023/06/2-10.png
2269, 2023/06/1-11.png
2269, 2023/06/2-11.png
2273, 2023/06/Logo-Padrao-2023-06-16T124823.601.png
2273, 2023/06/Logo-Padrao-2023-06-16T124857.533.png
2276, 2023/06/Logo-Padrao-2023-06-16T125014.848.png
2276, 2023/06/Logo-Padrao-2023-06-16T125024.545.png
2279, 2023/06/Logo-Padrao-2023-06-16T135226.367.png
2279, 2023/06/Logo-Padrao-2023-06-16T135351.872.png
2282, 2023/06/Logo-Padrao-2023-06-16T135517.118.png
2282, 2023/06/Logo-Padrao-2023-06-16T135526.267.png
2285, 2023/06/8-8.png
2285, 2023/06/Logo-Padrao-2023-06-16T135834.226.png
2285, 2023/06/Logo-Padrao-2023-06-16T135842.223.png
2288, 2023/06/14-2.png
2288, 2023/06/16-1.png
2288, 2023/06/18-2.png
2288, 2023/06/20-1.png
2288, 2023/06/22-1.png
2288, 2023/06/14-5.png
2288, 2023/06/3-3.png
2288, 2023/06/5-2.png
2288, 2023/06/7-1.png
2288, 2023/06/9-3.png
2288, 2023/06/11-2.png
2288, 2023/06/13-2.png
2288, 2023/06/15-1.png
2288, 2023/06/17-2.png
2288, 2023/06/19-1.png
2288, 2023/06/21-1.png
2288, 2023/06/4-2.png
2288, 2023/06/6-2.png
2288, 2023/06/8-1.png
2288, 2023/06/10-2.png
2288, 2023/06/12-1.png
2309, 2023/06/17-10.png
2310, 2023/06/16-3.png
2311, 2023/06/20-2.png
2312, 2023/06/21-6.png
2320, 2023/06/1-12.png
2320, 2023/06/3-4.png
2320, 2023/06/5-3.png
2320, 2023/06/7-2.png
2320, 2023/06/9-4.png
2320, 2023/06/11-3.png
2320, 2023/06/13-3.png
2320, 2023/06/15-2.png
2320, 2023/06/17-3.png
2320, 2023/06/19-2.png
2320, 2023/06/1-13.png
2320, 2023/06/2-12.png
2320, 2023/06/3-5.png
2320, 2023/06/4-3.png
2320, 2023/06/5-4.png
2320, 2023/06/6-3.png
2320, 2023/06/7-3.png
2320, 2023/06/8-2.png
2320, 2023/06/9-5.png
2320, 2023/06/10-3.png
2358, 2023/06/Logo-Padrao-2023-06-20T162102.430.png
2358, 2023/06/Logo-Padrao-2023-06-20T162120.753.png
2361, 2023/06/1-14.png
2361, 2023/06/3-6.png
2361, 2023/06/5-5.png
2361, 2023/06/7-4.png
2361, 2023/06/9-6.png
2361, 2023/06/11-4.png
2361, 2023/06/13-4.png
2361, 2023/06/17-4.png
2361, 2023/06/1-15.png
2361, 2023/06/19-3.png
2361, 2023/06/2-13.png
2361, 2023/06/21-2.png
2361, 2023/06/3-7.png
2361, 2023/06/23.png
2361, 2023/06/4-4.png
2361, 2023/06/5-6.png
2361, 2023/06/6-4.png
2361, 2023/06/7-5.png
2361, 2023/06/8-3.png
2361, 2023/06/9-7.png
2361, 2023/06/10-4.png
2361, 2023/06/11-5.png
2361, 2023/06/12-2.png
2385, 2023/06/18-4.png
2386, 2023/06/11-14.png
2386, 2023/06/12-7.png
2386, 2023/06/13-13.png
2386, 2023/06/14-6.png
2386, 2023/06/15-9.png
2386, 2023/06/16-4.png
2386, 2023/06/17-12.png
2386, 2023/06/18-5.png
2386, 2023/06/19-9.png
2386, 2023/06/20-3.png
2386, 2023/06/IMAGEM-BACKGROUND-12.png
2386, 2023/06/TAMANHO-LOGO-17.png
2386, 2023/06/2-22.png
2386, 2023/06/3-18.png
2386, 2023/06/4-11.png
2386, 2023/06/5-17.png
2386, 2023/06/6-11.png
2386, 2023/06/7-16.png
2386, 2023/06/8-9.png
2386, 2023/06/9-18.png
2386, 2023/06/10-10.png
2392, 2023/06/Logo-Padrao-2023-06-21T132756.610.png
2401, 2023/06/1-16.png
2401, 2023/06/3-8.png
2401, 2023/06/5-7.png
2401, 2023/06/9-8.png
2401, 2023/06/11-6.png
2401, 2023/06/13-5.png
2401, 2023/06/15-3.png
2401, 2023/06/17-5.png
2401, 2023/06/19-4.png
2401, 2023/06/21-3.png
2401, 2023/06/23-1.png
2401, 2023/06/25.png
2401, 2023/06/27.png
2401, 2023/06/1-17.png
2401, 2023/06/2-14.png
2401, 2023/06/3-9.png
2401, 2023/06/4-5.png
2401, 2023/06/5-8.png
2401, 2023/06/6-5.png
2401, 2023/06/7-6.png
2401, 2023/06/8-4.png
2401, 2023/06/9-9.png
2401, 2023/06/10-5.png
2401, 2023/06/11-7.png
2401, 2023/06/12-3.png
2401, 2023/06/13-6.png
2401, 2023/06/14-3.png
2431, 2023/06/Logo-Padrao-2023-06-22T113904.948.png
2443, 2023/06/Logo-Padrao-2023-06-22T131638.692.png
2443, 2023/06/Logo-Padrao-2023-06-22T131726.652.png
2446, 2023/06/Logo-Padrao-2023-06-22T131822.018.png
2446, 2023/06/Logo-Padrao-2023-06-22T131831.505.png
2450, 2023/06/1-18.png
2450, 2023/06/3-10.png
2450, 2023/06/5-9.png
2450, 2023/06/7-7.png
2450, 2023/06/9-10.png
2450, 2023/06/11-8.png
2450, 2023/06/13-7.png
2450, 2023/06/15-4.png
2450, 2023/06/17-6.png
2450, 2023/06/19-5.png
2450, 2023/06/21-4.png
2450, 2023/06/23-2.png
2450, 2023/06/1-19.png
2450, 2023/06/2-15.png
2450, 2023/06/3-11.png
2450, 2023/06/4-6.png
2450, 2023/06/5-10.png
2450, 2023/06/6-6.png
2450, 2023/06/7-8.png
2450, 2023/06/8-5.png
2450, 2023/06/9-11.png
2450, 2023/06/10-6.png
2450, 2023/06/11-9.png
2450, 2023/06/12-4.png
2489, 2023/06/1-20.png
2489, 2023/06/3-12.png
2489, 2023/06/5-11.png
2489, 2023/06/7-9.png
2489, 2023/06/9-12.png
2489, 2023/06/1-21.png
2489, 2023/06/11-10.png
2489, 2023/06/2-16.png
2489, 2023/06/13-8.png
2489, 2023/06/3-13.png
2489, 2023/06/15-5.png
2489, 2023/06/4-7.png
2489, 2023/06/17-7.png
2489, 2023/06/5-12.png
2489, 2023/06/19-6.png
2489, 2023/06/6-7.png
2489, 2023/06/7-10.png
2513, 2023/06/Logo-Padrao-2023-06-26T113455.224.png
2515, 2023/06/9-13.png
2517, 2023/06/10-7.png
2520, 2023/06/1-22.png
2520, 2023/06/3-14.png
2520, 2023/06/5-13.png
2520, 2023/06/7-11.png
2520, 2023/06/9-14.png
2520, 2023/06/11-11.png
2520, 2023/06/13-9.png
2520, 2023/06/15-6.png
2520, 2023/06/17-8.png
2520, 2023/06/19-7.png
2520, 2023/06/21-5.png
2520, 2023/06/23-3.png
2520, 2023/06/25-1.png
2520, 2023/06/27-1.png
2520, 2023/06/29.png
2520, 2023/06/31.png
2520, 2023/06/33.png
2520, 2023/06/1-23.png
2520, 2023/06/2-17.png
2520, 2023/06/3-15.png
2520, 2023/06/4-8.png
2520, 2023/06/5-14.png
2520, 2023/06/6-8.png
2520, 2023/06/7-12.png
2520, 2023/06/8-6.png
2520, 2023/06/9-15.png
2520, 2023/06/10-8.png
2520, 2023/06/11-12.png
2520, 2023/06/12-5.png
2520, 2023/06/13-10.png
2520, 2023/06/14-4.png
2520, 2023/06/15-7.png
2520, 2023/06/16-2.png
2520, 2023/06/17-9.png
2557, 2023/06/18-3.png
2558, 2023/06/19-8.png
2571, 2023/06/1-24.png
2571, 2023/06/3-16.png
2571, 2023/06/5-15.png
2571, 2023/06/7-13.png
2571, 2023/06/9-16.png
2571, 2023/06/11-13.png
2571, 2023/06/13-11.png
2571, 2023/06/1-25.png
2571, 2023/06/2-18.png
2571, 2023/06/3-17.png
2571, 2023/06/4-9.png
2571, 2023/06/5-16.png
2571, 2023/06/6-9.png
2571, 2023/06/7-14.png
2592, 2023/06/Logo-Padrao-2023-06-30T125212.453.png
2592, 2023/06/Logo-Padrao-2023-06-30T125438.998.png
2592, 2023/06/28-1.png
2595, 2023/06/Logo-Padrao-2023-06-30T125620.530.png
2595, 2023/06/Logo-Padrao-2023-06-30T125651.647.png
2598, 2023/06/Logo-Padrao-2023-06-30T125738.964.png
2598, 2023/06/Logo-Padrao-2023-06-30T125851.126.png
2601, 2023/06/Logo-Padrao-2023-06-30T130021.595.png
2601, 2023/06/Logo-Padrao-2023-06-30T130031.257.png
2605, 2023/07/5.png
2605, 2023/07/7.png
2605, 2023/07/9.png
2605, 2023/07/11.png
2605, 2023/07/13.png
2605, 2023/07/15.png
2605, 2023/07/17.png
2605, 2023/07/19.png
2605, 2023/07/21.png
2605, 2023/07/23.png
2605, 2023/07/25.png
2605, 2023/07/27.png
2605, 2023/07/Logo-Padrao-2023-07-05T164602.735.png
2605, 2023/07/2.png
2605, 2023/07/4.png
2605, 2023/07/6.png
2605, 2023/07/8.png
2605, 2023/07/12.png
2605, 2023/07/14.png
2605, 2023/07/16.png
2605, 2023/07/18.png
2605, 2023/07/20.png
2605, 2023/07/22.png
2605, 2023/07/24.png
2605, 2023/07/26.png
2605, 2023/07/28.png
2632, 2023/07/Logo-Padrao-2023-07-05T164803.552.png
2636, 2023/07/Logo-Padrao-2023-07-05T165353.019.png
2648, 2023/07/1.png
2648, 2023/07/3.png
2648, 2023/07/5-1.png
2648, 2023/07/7-1.png
2648, 2023/07/9-1.png
2648, 2023/07/11-1.png
2648, 2023/07/13-1.png
2648, 2023/07/15-1.png
2648, 2023/07/17-1.png
2648, 2023/07/19-1.png
2648, 2023/07/1-1.png
2648, 2023/07/2-1.png
2648, 2023/07/3-1.png
2648, 2023/07/4-1.png
2648, 2023/07/5-2.png
2648, 2023/07/6-1.png
2648, 2023/07/7-2.png
2648, 2023/07/8-1.png
2648, 2023/07/9-2.png
2648, 2023/07/10.png
2680, 2023/07/1-2.png
2680, 2023/07/1-3.png
650, 2023/07/3-2.png
650, 2023/07/2-2.png
2687, 2023/07/5-3.png
2687, 2023/07/3-3.png
2690, 2023/07/7-3.png
2690, 2023/07/4-2.png
2693, 2023/07/9-3.png
2693, 2023/07/5-4.png
2696, 2023/07/11-2.png
2696, 2023/07/6-2.png
2699, 2023/07/Logo-Padrao-2023-07-14T114027.680.png
2699, 2023/07/Logo-Padrao-2023-07-14T114133.153.png
2702, 2023/07/Logo-Padrao-2023-07-14T114202.153.png
2702, 2023/07/Logo-Padrao-2023-07-14T114232.675.png
2705, 2023/07/Logo-Padrao-2023-07-14T114357.013.png
2705, 2023/07/Logo-Padrao-2023-07-14T114412.603.png
2708, 2023/07/Logo-Padrao-2023-07-14T114552.858.png
2708, 2023/07/Logo-Padrao-2023-07-14T114609.491.png
2711, 2023/07/Logo-Padrao-2023-07-14T114833.557.png
2711, 2023/07/Logo-Padrao-2023-07-14T114844.472.png
2714, 2023/07/Logo-Padrao-2023-07-14T115112.036.png
2714, 2023/07/Logo-Padrao-2023-07-14T115121.758.png
2717, 2023/07/Logo-Padrao-2023-07-14T115454.785.png
2717, 2023/07/Logo-Padrao-2023-07-14T115409.559.png
2720, 2023/07/Logo-Padrao-2023-07-14T115540.428.png
2720, 2023/07/Logo-Padrao-2023-07-14T115549.907.png
2725, 2023/07/2-3.png
2725, 2023/07/1-4.png
2728, 2023/07/1-5.png
2728, 2023/07/2-4.png
2731, 2023/07/2-5.png
2731, 2023/07/1-6.png
2734, 2023/07/1-7.png
2734, 2023/07/2-6.png
2737, 2023/07/1-8.png
2737, 2023/07/2-7.png
2740, 2023/07/1-9.png
2740, 2023/07/2-8.png
2743, 2023/07/1-10.png
2743, 2023/07/2-9.png
2746, 2023/07/1-11.png
2746, 2023/07/2-10.png
2749, 2023/07/1-12.png
2749, 2023/07/2-11.png
2752, 2023/07/1-13.png
2752, 2023/07/2-12.png
2755, 2023/07/1-14.png
2755, 2023/07/2-13.png
2758, 2023/07/1-15.png
2758, 2023/07/2-14.png
2761, 2023/07/1-16.png
2761, 2023/07/2-15.png
2764, 2023/07/1-17.png
2764, 2023/07/2-16.png
2767, 2023/07/1-18.png
2767, 2023/07/2-17.png
2770, 2023/07/1-19.png
2770, 2023/07/2-18.png
2773, 2023/07/1-20.png
2773, 2023/07/2-19.png
2776, 2023/07/1-21.png
2776, 2023/07/2-20.png
2779, 2023/07/1-22.png
2779, 2023/07/2-21.png
2782, 2023/07/1-23.png
2782, 2023/07/2-22.png
2785, 2023/07/1-24.png
2785, 2023/07/2-23.png
2788, 2023/07/1-25.png
2788, 2023/07/2-24.png
2791, 2023/07/1-26.png
2791, 2023/07/2-25.png
2794, 2023/07/1-27.png
2794, 2023/07/2-26.png
2797, 2023/07/1-28.png
2797, 2023/07/2-27.png
2801, 2023/07/1-29.png
2801, 2023/07/2-28.png
2804, 2023/07/1-30.png
2804, 2023/07/2-29.png
2807, 2023/07/1-31.png
2807, 2023/07/2-30.png
2810, 2023/07/1-32.png
2810, 2023/07/2-31.png
2813, 2023/07/1-33.png
2813, 2023/07/2-32.png
2817, 2023/07/1-34.png
2817, 2023/07/2-33.png
2820, 2023/07/1-35.png
2820, 2023/07/2-34.png
2823, 2023/07/1-36.png
2823, 2023/07/2-35.png
2826, 2023/07/1-37.png
2826, 2023/07/2-36.png
2829, 2023/07/1-38.png
2829, 2023/07/1-39.png
2829, 2023/07/2-37.png
2833, 2023/07/1-40.png
2833, 2023/07/2-38.png
2836, 2023/07/1-41.png
2836, 2023/07/2-39.png
2839, 2023/07/1-42.png
2839, 2023/07/2-40.png
2842, 2023/07/1-43.png
2842, 2023/07/2-41.png
2845, 2023/07/1-44.png
2845, 2023/07/2-42.png
2850, 2023/07/1-45.png
2850, 2023/07/2-43.png
2853, 2023/07/1-46.png
2853, 2023/07/2-44.png
2856, 2023/07/3-5.png
2856, 2023/07/1-120.png
2856, 2023/07/3-4.png
2856, 2023/07/5-5.png
2856, 2023/07/7-4.png
2856, 2023/07/9-4.png
2856, 2023/07/11-3.png
2856, 2023/07/13-2.png
2856, 2023/07/15-2.png
2856, 2023/07/17-2.png
2856, 2023/07/19-2.png
2856, 2023/07/1-47.png
2856, 2023/07/21-1.png
2856, 2023/07/23-1.png
2856, 2023/07/25-1.png
2856, 2023/07/27-1.png
2856, 2023/07/2-46.png
2856, 2023/07/29.png
2856, 2023/07/31.png
2856, 2023/07/33.png
2856, 2023/07/35.png
2856, 2023/07/37.png
2856, 2023/07/39.png
2856, 2023/07/2-116.png
2856, 2023/07/41.png
2856, 2023/07/4-3.png
2856, 2023/07/43.png
2856, 2023/07/6-3.png
2856, 2023/07/45.png
2856, 2023/07/8-2.png
2856, 2023/07/47.png
2856, 2023/07/10-1.png
2856, 2023/07/49.png
2856, 2023/07/12-1.png
2856, 2023/07/51.png
2856, 2023/07/14-1.png
2856, 2023/07/53.png
2856, 2023/07/16-1.png
2856, 2023/07/18-1.png
2856, 2023/07/55.png
2856, 2023/07/20-1.png
2856, 2023/07/57.png
2856, 2023/07/22-1.png
2856, 2023/07/24-1.png
2856, 2023/07/26-1.png
2856, 2023/07/28-1.png
2856, 2023/07/30.png
2856, 2023/07/32.png
2856, 2023/07/34.png
2858, 2023/07/1-48.png
2858, 2023/07/2-45.png
2858, 2023/07/1-121.png
2858, 2023/07/IMAGEM-BACKGROUND-4.png
2858, 2023/07/TAMANHO-LOGO-3.png
2862, 2023/07/1-49.png
2862, 2023/07/2-47.png
2867, 2023/07/1-50.png
2867, 2023/07/2-48.png
2870, 2023/07/TAMANHO-LOGO-12.png
2870, 2023/07/1-51.png
2870, 2023/07/2-49.png
2873, 2023/07/1-52.png
2873, 2023/07/1-53.png
2873, 2023/07/2-50.png
2877, 2023/07/1-54.png
2877, 2023/07/2-51.png
2880, 2023/07/1-55.png
2880, 2023/07/2-52.png
2880, 2023/07/20-3.png
2883, 2023/07/1-56.png
2883, 2023/07/2-53.png
2887, 2023/07/1-57.png
2887, 2023/07/2-54.png
2890, 2023/07/1-58.png
2890, 2023/07/2-55.png
2893, 2023/07/1-59.png
2893, 2023/07/2-56.png
2896, 2023/07/1-60.png
2896, 2023/07/2-57.png
2899, 2023/07/1-61.png
2899, 2023/07/2-58.png
2902, 2023/07/1-62.png
2902, 2023/07/2-59.png
2905, 2023/07/1-63.png
2905, 2023/07/2-60.png
2908, 2023/07/1-64.png
2908, 2023/07/2-61.png
2911, 2023/07/1-65.png
2911, 2023/07/2-62.png
2914, 2023/07/1-66.png
2914, 2023/07/2-63.png
2917, 2023/07/1-67.png
2917, 2023/07/2-64.png
2920, 2023/07/1-68.png
2920, 2023/07/2-65.png
2923, 2023/07/1-69.png
2923, 2023/07/2-66.png
2926, 2023/07/1-70.png
2926, 2023/07/2-67.png
2929, 2023/07/1-71.png
2929, 2023/07/2-68.png
2932, 2023/07/1-72.png
2932, 2023/07/2-69.png
2935, 2023/07/1-73.png
2935, 2023/07/2-70.png
2938, 2023/07/1-74.png
2938, 2023/07/2-71.png
2941, 2023/07/1-75.png
2941, 2023/07/2-72.png
2944, 2023/07/1-76.png
2944, 2023/07/2-73.png
2947, 2023/07/1-77.png
2947, 2023/07/2-74.png
2950, 2023/07/1-78.png
2950, 2023/07/2-75.png
2950, 2023/07/Ajustes-Logos-padrao-11.png
2950, 2023/07/19-3.png
2953, 2023/07/1-79.png
2953, 2023/07/2-76.png
2956, 2023/07/1-80.png
2956, 2023/07/2-77.png
2959, 2023/07/1-81.png
2959, 2023/07/2-78.png
2962, 2023/07/1-82.png
2962, 2023/07/2-79.png
2965, 2023/07/1-83.png
2965, 2023/07/2-80.png
2965, 2023/07/16-2.png
2968, 2023/07/1-84.png
2968, 2023/07/2-81.png
2971, 2023/07/1-85.png
2971, 2023/07/2-82.png
2971, 2023/07/14-2.png
2971, 2023/07/Ajustes-Logos-padrao-10.png
2974, 2023/07/1-86.png
2974, 2023/07/2-83.png
2977, 2023/07/1-87.png
2977, 2023/07/2-84.png
2977, 2023/07/10-2.png
2980, 2023/07/1-88.png
2980, 2023/07/2-85.png
2980, 2023/07/Ajustes-Logos-padrao-21.png
2983, 2023/07/1-89.png
2983, 2023/07/2-86.png
2983, 2023/07/12-2.png
2983, 2023/07/13-3.png
2986, 2023/07/1-90.png
2986, 2023/07/2-87.png
2986, 2023/07/Ajustes-Logos-padrao-20.png
2986, 2023/07/40.png
2989, 2023/07/1-91.png
2989, 2023/07/2-88.png
2992, 2023/07/1-92.png
2992, 2023/07/2-89.png
2992, 2023/07/Ajustes-Logos-padrao-19.png
2992, 2023/07/38.png
2995, 2023/07/1-93.png
2995, 2023/07/2-90.png
2998, 2023/07/1-94.png
2998, 2023/07/2-91.png
2110, 2023/07/1-95.png
2110, 2023/07/2-92.png
3004, 2023/07/1-96.png
3004, 2023/07/2-93.png
3007, 2023/07/1-97.png
3007, 2023/07/2-94.png
3007, 2023/07/Ajustes-Logos-padrao-18.png
3014, 2023/07/1-99.png
3014, 2023/07/2-96.png
3017, 2023/07/1-100.png
3017, 2023/07/2-97.png
3020, 2023/07/1-101.png
3020, 2023/07/2-98.png
3023, 2023/07/1-102.png
3023, 2023/07/2-99.png
3026, 2023/07/1-103.png
3026, 2023/07/2-100.png
3026, 2023/07/Ajustes-Logos-padrao-17.png
3026, 2023/07/Ajustes-Logos-padrao-16.png
3029, 2023/07/1-104.png
3029, 2023/07/2-101.png
3032, 2023/07/1-105.png
3032, 2023/07/2-102.png
3035, 2023/07/Ajustes-Logos-padrao-15.png
3035, 2023/07/33-1.png
3035, 2023/07/1-106.png
3035, 2023/07/2-103.png
3038, 2023/07/1-107.png
3038, 2023/07/2-104.png
3041, 2023/07/1-108.png
3041, 2023/07/2-105.png
3044, 2023/07/20-2.png
3044, 2023/07/1-109.png
3044, 2023/07/2-106.png
3047, 2023/07/Ajustes-Logos-padrao-14.png
3047, 2023/07/1-110.png
3047, 2023/07/2-107.png
3050, 2023/07/1-111.png
3050, 2023/07/2-108.png
3053, 2023/07/1-112.png
3053, 2023/07/2-109.png
3056, 2023/07/1-113.png
3056, 2023/07/1-114.png
3056, 2023/07/2-110.png
3060, 2023/07/1-115.png
3060, 2023/07/2-111.png
3063, 2023/07/1-116.png
3063, 2023/07/2-112.png
3066, 2023/07/1-117.png
3066, 2023/07/2-113.png
3069, 2023/07/1-118.png
3069, 2023/07/2-114.png
3072, 2023/07/1-119.png
3072, 2023/07/2-115.png
3076, 2023/08/Logo-Padrao-2023-08-01T133316.089.png
3076, 2023/08/Logo-Padrao-2023-08-01T133325.610.png
3081, 2023/08/1.png
3081, 2023/08/2.png
3084, 2023/08/4.png
3084, 2023/08/3.png
3087, 2023/08/5.png
3087, 2023/08/6.png
3090, 2023/08/7.png
3090, 2023/08/8.png
3093, 2023/08/9.png
3093, 2023/08/10.png
3096, 2023/08/11.png
3096, 2023/08/12.png
3099, 2023/08/13.png
3099, 2023/08/14.png
3102, 2023/08/15.png
3102, 2023/08/16.png
3105, 2023/08/17.png
3105, 2023/08/18.png
3108, 2023/08/19.png
3108, 2023/08/20.png
3111, 2023/08/21.png
3111, 2023/08/22.png
3114, 2023/08/23.png
3114, 2023/08/24.png
3117, 2023/08/1-1.png
3117, 2023/08/3-1.png
3117, 2023/08/5-1.png
3117, 2023/08/8-1.png
3117, 2023/08/9-1.png
3117, 2023/08/11-1.png
3117, 2023/08/13-1.png
3117, 2023/08/15-1.png
3117, 2023/08/17-1.png
3117, 2023/08/2-1.png
3117, 2023/08/4-1.png
3117, 2023/08/6-1.png
3117, 2023/08/7-1.png
3117, 2023/08/10-1.png
3135, 2023/08/1-2.png
3135, 2023/08/2-2.png
3137, 2023/08/12-1.png
3137, 2023/08/14-1.png
3137, 2023/08/16-1.png
3137, 2023/08/18-1.png
3146, 2023/08/1-3.png
3146, 2023/08/2-3.png
3146, 2023/08/Ajustes-Logos-padrao-13.png
3150, 2023/08/1-4.png
3150, 2023/08/2-4.png
3153, 2023/08/1-5.png
3153, 2023/08/2-5.png
3156, 2023/08/1-6.png
3156, 2023/08/2-6.png
3156, 2023/08/Ajustes-Logos-padrao-12.png
3156, 2023/08/27-1.png
3159, 2023/08/1-7.png
3159, 2023/08/2-7.png
3162, 2023/08/1-8.png
3162, 2023/08/2-8.png
3165, 2023/08/1-9.png
3165, 2023/08/2-9.png
3168, 2023/08/1-10.png
3168, 2023/08/2-10.png
3171, 2023/08/1-11.png
3171, 2023/08/2-11.png
3171, 2023/08/24-1.png
3171, 2023/08/25-1.png
3174, 2023/08/1-12.png
3174, 2023/08/2-12.png
3174, 2023/08/22-1.png
3174, 2023/08/23-2.png
3177, 2023/08/1-13.png
3177, 2023/08/2-13.png
3177, 2023/08/1-14.png
3204, 2023/08/1-21.png
3204, 2023/08/2-20.png
3207, 2023/08/1-22.png
3207, 2023/08/2-21.png
3213, 2023/08/1-24.png
3213, 2023/08/2-23.png
3213, 2023/08/8-4.png
3213, 2023/08/9-4.png
3218, 2023/08/1-25.png
3218, 2023/08/3-2.png
3218, 2023/08/5-2.png
3218, 2023/08/7-2.png
3218, 2023/08/9-2.png
3218, 2023/08/11-2.png
3218, 2023/08/13-2.png
3218, 2023/08/15-2.png
3218, 2023/08/17-2.png
3218, 2023/08/19-1.png
3218, 2023/08/21-1.png
3218, 2023/08/23-1.png
3218, 2023/08/25.png
3218, 2023/08/27.png
3218, 2023/08/29.png
3218, 2023/08/31.png
3218, 2023/08/33.png
3218, 2023/08/35.png
3218, 2023/08/1-26.png
3218, 2023/08/37.png
3218, 2023/08/2-24.png
3218, 2023/08/3-3.png
3218, 2023/08/39.png
3218, 2023/08/4-2.png
3218, 2023/08/41.png
3218, 2023/08/5-3.png
3218, 2023/08/6-2.png
3218, 2023/08/7-3.png
3218, 2023/08/8-2.png
3218, 2023/08/9-3.png
3218, 2023/08/10-2.png
3218, 2023/08/11-3.png
3218, 2023/08/12-2.png
3218, 2023/08/13-3.png
3218, 2023/08/14-2.png
3218, 2023/08/15-3.png
3218, 2023/08/16-2.png
3218, 2023/08/17-3.png
3218, 2023/08/18-2.png
3218, 2023/08/19-2.png
3218, 2023/08/20-1.png
3218, 2023/08/21-2.png
3261, 2023/08/7-7.png
3261, 2023/08/6-5.png
3283, 2023/08/1-27.png
3283, 2023/08/2-25.png
3286, 2023/08/1-28.png
3286, 2023/08/2-26.png
3289, 2023/08/1-29.png
3289, 2023/08/2-27.png
3292, 2023/08/1-30.png
3292, 2023/08/2-28.png
3295, 2023/08/7-6.png
3295, 2023/08/1-31.png
3295, 2023/08/2-29.png
3299, 2023/08/1-32.png
3299, 2023/08/2-30.png
3304, 2023/08/Ajustes-Logos-padrao-4.png
3304, 2023/08/Ajustes-Logos-padrao-5.png
3304, 2023/08/1-33.png
3304, 2023/08/2-31.png
3307, 2023/08/1-34.png
3307, 2023/08/2-32.png
3310, 2023/08/1-35.png
3310, 2023/08/2-33.png
3313, 2023/08/1-36.png
3313, 2023/08/2-34.png
3316, 2023/08/58.png
3316, 2023/08/7-5.png
3316, 2023/08/1-37.png
3316, 2023/08/2-35.png
3319, 2023/08/54.png
3319, 2023/08/1-38.png
3319, 2023/08/2-36.png
3322, 2023/08/1-39.png
3322, 2023/08/2-37.png
3325, 2023/08/1-40.png
3325, 2023/08/2-38.png
3328, 2023/08/1-41.png
3328, 2023/08/2-39.png
3328, 2023/08/52.png
3331, 2023/08/1-42.png
3331, 2023/08/2-40.png
3334, 2023/08/1-43.png
3334, 2023/08/2-41.png
3334, 2023/08/Ajustes-Logos-padrao-3.png
3337, 2023/08/1-44.png
3337, 2023/08/2-42.png
3340, 2023/08/1-45.png
3340, 2023/08/2-43.png
3343, 2023/08/1-46.png
3343, 2023/08/2-44.png
3346, 2023/08/1-47.png
3346, 2023/08/2-45.png
3346, 2023/08/Ajustes-Logos-padrao-2.png
3349, 2023/08/1-48.png
3349, 2023/08/2-46.png
3349, 2023/08/48.png
3352, 2023/08/1-49.png
3352, 2023/08/2-47.png
3352, 2023/08/1-124.png
3355, 2023/08/1-50.png
3355, 2023/08/2-48.png
3358, 2023/08/1-51.png
3358, 2023/08/2-49.png
3358, 2023/08/Ajustes-Logos-padrao-1.png
3361, 2023/08/1-52.png
3361, 2023/08/2-50.png
3364, 2023/08/1-53.png
3364, 2023/08/2-51.png
3367, 2023/08/1-54.png
3367, 2023/08/2-52.png
3370, 2023/08/1-55.png
3370, 2023/08/2-53.png
3373, 2023/08/1-56.png
3373, 2023/08/2-54.png
3376, 2023/08/1-57.png
3376, 2023/08/2-55.png
3379, 2023/08/1-58.png
3379, 2023/08/2-56.png
3382, 2023/08/1-59.png
3382, 2023/08/2-57.png
3385, 2023/08/1-60.png
3385, 2023/08/2-58.png
3388, 2023/08/1-61.png
3388, 2023/08/2-59.png
3391, 2023/08/1-62.png
3391, 2023/08/2-60.png
3391, 2023/08/Ajustes-Logos-padrao.png
3394, 2023/08/1-63.png
3394, 2023/08/2-61.png
3397, 2023/08/1-64.png
3397, 2023/08/2-62.png
3397, 2023/08/Ajustes-Logos-padrao-8.png
3397, 2023/08/5-6.png
3400, 2023/08/1-65.png
3400, 2023/08/2-63.png
3403, 2023/08/1-66.png
3403, 2023/08/2-64.png
3406, 2023/08/1-67.png
3406, 2023/08/2-65.png
3414, 2023/08/1-68.png
3414, 2023/08/2-66.png
3417, 2023/08/1-69.png
3417, 2023/08/2-67.png
3417, 2023/08/2-127.png
3420, 2023/08/1-70.png
3420, 2023/08/2-68.png
3420, 2023/08/3-5.png
3423, 2023/08/1-71.png
3423, 2023/08/2-69.png
3423, 2023/08/4-4.png
3426, 2023/08/1-72.png
3426, 2023/08/2-70.png
3429, 2023/08/1-73.png
3429, 2023/08/2-71.png
3432, 2023/08/1-74.png
3432, 2023/08/2-72.png
3435, 2023/08/1-75.png
3435, 2023/08/2-73.png
3438, 2023/08/1-76.png
3438, 2023/08/2-74.png
3441, 2023/08/1-77.png
3441, 2023/08/2-75.png
3444, 2023/08/1-78.png
3444, 2023/08/2-76.png
3447, 2023/08/1-79.png
3447, 2023/08/2-77.png
3453, 2023/08/1-80.png
3453, 2023/08/2-78.png
3456, 2023/08/3-4.png
3456, 2023/08/4-3.png
3459, 2023/08/5-4.png
3459, 2023/08/6-3.png
3462, 2023/08/5-5.png
3462, 2023/08/7-4.png
3462, 2023/08/8-3.png
3468, 2023/08/1-81.png
3468, 2023/08/2-79.png
3471, 2023/08/1-82.png
3471, 2023/08/2-80.png
3474, 2023/08/1-83.png
3474, 2023/08/2-81.png
3479, 2023/08/1-84.png
3479, 2023/08/2-82.png
3482, 2023/08/1-85.png
3482, 2023/08/2-83.png
3485, 2023/08/1-86.png
3485, 2023/08/2-84.png
3488, 2023/08/1-87.png
3488, 2023/08/2-85.png
3491, 2023/08/1-88.png
3491, 2023/08/2-86.png
3494, 2023/08/1-89.png
3494, 2023/08/2-87.png
3497, 2023/08/2-88.png
3497, 2023/08/2-89.png
3837, 2023/08/1-90.png
3837, 2023/08/2-90.png
3680, 2023/08/1-91.png
3680, 2023/08/2-91.png
3506, 2023/08/1-92.png
3506, 2023/08/2-92.png
3509, 2023/08/1-93.png
3509, 2023/08/2-93.png
3513, 2023/08/2-94.png
3515, 2023/08/1-94.png
3515, 2023/08/2-95.png
3518, 2023/08/2-96.png
3520, 2023/08/1-95.png
3520, 2023/08/2-97.png
3523, 2023/08/1-96.png
3523, 2023/08/2-98.png
3523, 2023/08/1-97.png
3523, 2023/08/2-99.png
3528, 2023/08/2-100.png
3530, 2023/08/1-98.png
3530, 2023/08/2-101.png
3533, 2023/08/1-99.png
3533, 2023/08/2-102.png
656, 2023/08/1-100.png
656, 2023/08/2-103.png
656, 2023/08/1-101.png
3543, 2023/08/Logo-Padrao-2023-08-23T144333.667.png
3543, 2023/08/Logo-Padrao-2023-08-23T144343.561.png
3546, 2023/08/1-103-1.png
3546, 2023/08/1-103-1_v2.jpg
3546, 2023/08/2-104.png
3549, 2023/08/BSHStore_imagem.png
3549, 2023/08/2-105.png
3552, 2023/08/2-106.png
3555, 2023/08/2-107.png
3555, 2023/08/2-108.png
3559, 2023/08/Pyramid-Supply.png
3559, 2023/08/2-109.png
3559, 2023/08/2-110.png
3563, 2023/08/boutiquebaby.png
3563, 2023/08/2-111.png
3566, 2023/08/11-5.png
3566, 2023/08/2-112.png
3569, 2023/08/decore-e-cubra.png
3569, 2023/08/2-113.png
3572, 2023/08/maquinas_cafes.png
3572, 2023/08/2-114.png
3575, 2023/08/10-4.png
3575, 2023/08/2-115.png
3583, 2023/08/1-114.png
3583, 2023/08/2-117.png
3583, 2023/08/6-4.png
3589, 2023/08/1-116.png
3589, 2023/08/2-119.png
3589, 2023/08/4-5.png
3592, 2023/08/1-117.png
3592, 2023/08/2-120.png
3595, 2023/08/1-118.png
3595, 2023/08/2-121.png
3598, 2023/08/1-119.png
3598, 2023/08/2-122.png
3601, 2023/08/1-120.png
3601, 2023/08/2-123.png
3604, 2023/08/1-121.png
3604, 2023/08/2-124.png
3604, 2023/08/28.png
3607, 2023/08/1-122.png
3607, 2023/08/2-125.png
3607, 2023/08/27-2.png
3610, 2023/08/26.png
3610, 2023/08/1-123.png
3610, 2023/08/2-126.png
3610, 2023/08/3-6.png
3671, 2023/08/56.png
3851, 2023/08/TAMANHO-LOGO-9.png
3851, 2023/08/Logo-Padrao-2023-08-28T114642.025.png
3851, 2023/08/Logo-Padrao-2023-08-28T114630.383.png
3692, 2023/08/24-2.png
3692, 2023/08/1-125.png
3692, 2023/08/2-128.png
3692, 2023/08/Logo-Padrao-2023-09-01T171203.857.png
3695, 2023/08/23-3.png
3695, 2023/08/1-126.png
3695, 2023/08/2-129.png
3695, 2023/08/Logo-Padrao-2023-09-01T171039.789.png
3698, 2023/08/22-2.png
3698, 2023/08/1-127.png
3698, 2023/08/2-130.png
3704, 2023/08/1-129.png
3704, 2023/08/2-132.png
3704, 2023/08/Logo-Padrao-2023-09-01T170940.948.png
3707, 2023/08/21-3.png
3707, 2023/08/1-130.png
3707, 2023/08/2-133.png
3710, 2023/08/20-2.png
3710, 2023/08/1-131.png
3710, 2023/08/2-134.png
3713, 2023/08/19-3.png
3713, 2023/08/TAMANHO-LOGO-7.png
3713, 2023/08/1-132.png
3713, 2023/08/2-135.png
3716, 2023/08/18-3.png
3716, 2023/08/1-133.png
3716, 2023/08/2-136.png
3719, 2023/08/17-4.png
3719, 2023/08/1-134.png
3719, 2023/08/2-137.png
3719, 2023/08/Logo-Padrao-2023-09-01T171433.833.png
3722, 2023/08/16-3.png
3722, 2023/08/1-135.png
3722, 2023/08/2-138.png
3725, 2023/08/15-4.png
3725, 2023/08/1-136.png
3725, 2023/08/2-139.png
3725, 2023/08/Logo-Padrao-2023-09-01T171300.969.png
3728, 2023/08/1-137.png
3728, 2023/08/2-140.png
3728, 2023/08/Logo-Padrao-2023-09-01T171344.387.png
3731, 2023/08/14-3.png
3731, 2023/08/1-138.png
3731, 2023/08/2-141.png
3731, 2023/08/Logo-Padrao-2023-09-01T170829.087.png
3734, 2023/08/13-4.png
3734, 2023/08/1-139.png
3734, 2023/08/2-142.png
3734, 2023/08/Logo-Padrao-2023-09-01T170731.762.png
3737, 2023/08/TAMANHO-LOGO-6.png
3737, 2023/08/1-140.png
3737, 2023/08/2-143.png
3737, 2023/08/Logo-Padrao-2023-09-01T170647.822.png
3740, 2023/08/11-4.png
3740, 2023/08/1-141.png
3740, 2023/08/2-144.png
3740, 2023/08/Logo-Padrao-2023-09-01T170449.051.png
3740, 2023/08/Logo-Padrao-2023-09-01T170556.756.png
3743, 2023/08/1-142.png
3743, 2023/08/2-145.png
3746, 2023/08/10-3.png
3746, 2023/08/1-143.png
3746, 2023/08/2-146.png
3749, 2023/08/9-5.png
3749, 2023/08/TAMANHO-LOGO-4.png
3749, 2023/08/1-144.png
3749, 2023/08/2-147.png
3753, 2023/08/Logo-Padrao-2023-08-31T173253.685.png
3753, 2023/08/Logo-Padrao-2023-08-31T173302.743.png
3756, 2023/08/Logo-Padrao-2023-08-31T173501.550.png
3756, 2023/08/Logo-Padrao-2023-08-31T173510.466.png
3759, 2023/08/Logo-Padrao-2023-08-31T173850.158.png
3759, 2023/08/Logo-Padrao-2023-08-31T173900.235.png
3814, 2023/09/IMAGEM-BACKGROUND.png
3814, 2023/09/TAMANHO-LOGO.png
3817, 2023/09/1.png
3817, 2023/09/1-1.png
3820, 2023/09/2.png
3820, 2023/09/2-1.png
3852, 2023/09/3.png
3852, 2023/09/4.png
3852, 2023/09/3-1.png
3853, 2023/09/4-1.png
3853, 2023/09/4-2.png
3854, 2023/09/IMAGEM-BACKGROUND-1.png
3854, 2023/09/TAMANHO-LOGO-1.png
3855, 2023/09/IMAGEM-BACKGROUND-2.png
3855, 2023/09/TAMANHO-LOGO-2.png
3855, 2023/09/IMAGEM-BACKGROUND-3.png
3869, 2023/09/IMAGEM-BACKGROUND-5.png
3869, 2023/09/TAMANHO-LOGO-10.png
3869, 2023/09/IMAGEM-BACKGROUND-5-1.png
3873, 2023/09/IMAGEM-BACKGROUND-6.png
3873, 2023/09/TAMANHO-LOGO-11.png
3881, 2023/09/IMAGEM-BACKGROUND-4.png
3881, 2023/09/TAMANHO-LOGO-3.png
3884, 2023/09/IMAGEM-BACKGROUND-1-1.png
3884, 2023/09/TAMANHO-LOGO-1-1.png
3887, 2023/09/IMAGEM-BACKGROUND-2-1.png
3887, 2023/09/TAMANHO-LOGO-2-1.png
3890, 2023/09/IMAGEM-BACKGROUND-3-1.png
3890, 2023/09/TAMANHO-LOGO-3-1.png
3893, 2023/09/IMAGEM-BACKGROUND-4-1.png
3893, 2023/09/TAMANHO-LOGO-4.png
3896, 2023/09/IMAGEM-BACKGROUND-5-2.png
3896, 2023/09/TAMANHO-LOGO-5.png
3899, 2023/09/IMAGEM-BACKGROUND-6-1.png
3899, 2023/09/TAMANHO-LOGO-6.png
3902, 2023/09/IMAGEM-BACKGROUND-7.png
3902, 2023/09/TAMANHO-LOGO-7.png
3905, 2023/09/IMAGEM-BACKGROUND-8.png
3905, 2023/09/TAMANHO-LOGO-8.png
3908, 2023/09/IMAGEM-BACKGROUND-9.png
3908, 2023/09/TAMANHO-LOGO-9.png
3911, 2023/09/IMAGEM-BACKGROUND-10.png
3911, 2023/09/TAMANHO-LOGO-10-1.png
3914, 2023/09/IMAGEM-BACKGROUND-11.png
3914, 2023/09/TAMANHO-LOGO-11-1.png
3917, 2023/09/IMAGEM-BACKGROUND-12.png
3917, 2023/09/TAMANHO-LOGO-12.png
3920, 2023/09/TAMANHO-LOGO-13.png
3922, 2023/09/IMAGEM-BACKGROUND-13.png
3922, 2023/09/TAMANHO-LOGO-14.png
3925, 2023/09/TAMANHO-LOGO-15.png
3925, 2023/09/IMAGEM-BACKGROUND-14.png
3928, 2023/09/TAMANHO-LOGO-16.png
3928, 2023/09/IMAGEM-BACKGROUND-15.png
3931, 2023/09/IMAGEM-BACKGROUND-16.png
3931, 2023/09/TAMANHO-LOGO-17.png
3934, 2023/09/TAMANHO-LOGO-18.png
3934, 2023/09/IMAGEM-BACKGROUND-17.png
3937, 2023/09/TAMANHO-LOGO-20.png
3937, 2023/09/IMAGEM-BACKGROUND-18.png
3945, 2023/09/TAMANHO-LOGO-21.png
3945, 2023/09/IMAGEM-BACKGROUND-19.png
3948, 2023/09/IMAGEM-BACKGROUND-7-1.png
3948, 2023/09/TAMANHO-LOGO-13-1.png
3951, 2023/09/IMAGEM-BACKGROUND-8-1.png
3951, 2023/09/TAMANHO-LOGO-14-1.png
3955, 2023/09/IMAGEM-BACKGROUND-9-1.png
3955, 2023/09/TAMANHO-LOGO-16-1.png
4016, 2023/09/5.png
4130, 2023/09/IMAGEM-BACKGROUND-13-1.png
4130, 2023/09/TAMANHO-LOGO-18-1.png
4133, 2023/09/IMAGEM-BACKGROUND-14-1.png
4133, 2023/09/TAMANHO-LOGO-19.png
4136, 2023/10/1.png
4136, 2023/10/2.png
4136, 2023/10/3.png
4136, 2023/10/4.png
4136, 2023/10/5.png
4136, 2023/10/6.png
4136, 2023/10/7.png
4136, 2023/10/8.png
4136, 2023/10/9.png
4136, 2023/10/10.png
4136, 2023/10/11.png
4136, 2023/10/12.png
4136, 2023/10/13.png
4136, 2023/10/14.png
4136, 2023/10/15.png
4136, 2023/10/1-1.png
4167, 2023/10/IMAGEM-BACKGROUND.png
4167, 2023/10/TAMANHO-LOGO.png
4176, 2023/10/1-2.png
4176, 2023/10/2-1.png
4176, 2023/10/3-1.png
4176, 2023/10/4-1.png
4176, 2023/10/5-1.png
4176, 2023/10/6-1.png
4176, 2023/10/7-1.png
4176, 2023/10/8-1.png
4176, 2023/10/1-3.png
4176, 2023/10/2-2.png
4176, 2023/10/3-2.png
4176, 2023/10/4-2.png
4176, 2023/10/5-2.png
4176, 2023/10/6-2.png
4176, 2023/10/7-2.png
4176, 2023/10/8-2.png
4193, 2023/10/7-3.png
4193, 2023/10/TAMANHO-LOGO-2.png
4204, 2023/10/1-4.png
4204, 2023/10/2-3.png
4204, 2023/10/3-3.png
4204, 2023/10/4-3.png
4204, 2023/10/5-3.png
4204, 2023/10/6-3.png
4204, 2023/10/7-4.png
4204, 2023/10/8-3.png
4204, 2023/10/9-1.png
4204, 2023/10/10-1.png
4204, 2023/10/11-1.png
4204, 2023/10/12-1.png
4204, 2023/10/13-1.png
4204, 2023/10/14-1.png
4204, 2023/10/15-1.png
4204, 2023/10/16.png
4204, 2023/10/17.png
4204, 2023/10/18.png
4204, 2023/10/19.png
4204, 2023/10/20.png
4204, 2023/10/21.png
4204, 2023/10/22.png
4204, 2023/10/23.png
4204, 2023/10/24.png
4204, 2023/10/25.png
4204, 2023/10/TAMANHO-LOGO-3.png
4231, 2023/10/2-4.png
4233, 2023/10/3-4.png
4235, 2023/10/5-4.png
4237, 2023/10/6-4.png
4239, 2023/10/7-5.png
4241, 2023/10/8-4.png
4243, 2023/10/TAMANHO-LOGO-6.png
4243, 2023/10/TAMANHO-LOGO-5.png
4246, 2023/10/image-2.png
4246, 2023/10/TAMANHO-LOGO-7.png
4250, 2023/10/9-2.png
4252, 2023/10/10-2.png
4252, 2023/10/11-2.png
4252, 2023/10/12-2.png
4252, 2023/10/13-2.png
4252, 2023/10/14-2.png
4252, 2023/10/15-2.png
4252, 2023/10/16-1.png
4252, 2023/10/17-1.png
4252, 2023/10/18-1.png
4252, 2023/10/19-1.png
4252, 2023/10/20-1.png
4252, 2023/10/21-1.png
4252, 2023/10/22-1.png
4280, 2023/10/23-1.png
4282, 2023/10/24-1.png
4284, 2023/10/25-1.png
4286, 2023/10/3-5.png
4286, 2023/10/4-4.png
4286, 2023/10/5-5.png
4286, 2023/10/6-5.png
4286, 2023/10/7-6.png
4286, 2023/10/8-5.png
4286, 2023/10/9-3.png
4286, 2023/10/10-3.png
4286, 2023/10/11-3.png
4286, 2023/10/12-3.png
4286, 2023/10/13-3.png
4286, 2023/10/14-3.png
4286, 2023/10/15-3.png
4286, 2023/10/16-2.png
4286, 2023/10/17-2.png
4286, 2023/10/18-2.png
4286, 2023/10/19-2.png
4286, 2023/10/20-2.png
4286, 2023/10/21-2.png
4286, 2023/10/IMAGEM-BACKGROUND-1.png
4286, 2023/10/1-5.png
4286, 2023/10/2-5.png
4286, 2023/10/3-6.png
4286, 2023/10/4-5.png
4286, 2023/10/5-6.png
4286, 2023/10/6-6.png
4286, 2023/10/8-6.png
4286, 2023/10/9-4.png
4286, 2023/10/10-4.png
4321, 2023/10/TAMANHO-LOGO-8.png
4326, 2023/10/TAMANHO-LOGO-9.png
4328, 2023/10/TAMANHO-LOGO-10.png
4330, 2023/10/TAMANHO-LOGO-11.png
4332, 2023/10/IMAGEM-BACKGROUND-2.png
4332, 2023/10/IMAGEM-BACKGROUND-3.png
4335, 2023/10/TAMANHO-LOGO-12.png
4337, 2023/10/16-3.png
4339, 2023/10/17-3.png
4341, 2023/10/18-3.png
4343, 2023/10/19-3.png
4345, 2023/10/20-3.png
4348, 2023/10/IMAGEM-BACKGROUND-4.png
4348, 2023/10/TAMANHO-LOGO-13.png
4351, 2023/10/IMAGEM-BACKGROUND-5.png
4351, 2023/10/TAMANHO-LOGO-14.png
4354, 2023/10/1-6.png
4354, 2023/10/2-6.png
4354, 2023/10/3-7.png
4354, 2023/10/4-6.png
4354, 2023/10/5-7.png
4354, 2023/10/6-7.png
4354, 2023/10/7-7.png
4354, 2023/10/8-7.png
4354, 2023/10/9-5.png
4354, 2023/10/10-5.png
4354, 2023/10/11-4.png
4354, 2023/10/12-4.png
4354, 2023/10/13-4.png
4354, 2023/10/14-4.png
4354, 2023/10/15-4.png
4354, 2023/10/1-7.png
4354, 2023/10/2-7.png
4354, 2023/10/3-8.png
4354, 2023/10/4-7.png
4354, 2023/10/5-8.png
4354, 2023/10/6-8.png
4354, 2023/10/7-8.png
4354, 2023/10/8-8.png
4354, 2023/10/9-6.png
4354, 2023/10/10-6.png
4354, 2023/10/11-5.png
4354, 2023/10/12-5.png
4354, 2023/10/13-5.png
4354, 2023/10/14-5.png
4354, 2023/10/15-5.png
4324, 2023/10/18-4.png
4324, 2023/10/19-4.png
4324, 2023/10/20-4.png